[
    {
        "id": 1,
        "price": 100,
        "duration": "7",
        "carType": "Sedans",
        "amenities": "Leather upholstery",
        "rating": "4.5",
        "fuelType": "Plug-in Hybrid (PHEV)",
        "location": "Machu Picchu",
        "image": "car-1.png",
        "name": "GMC Sierra 2500HD Denali"
    },
    {
        "id": 2,
        "price": 200,
        "duration": "5",
        "carType": "Hatchbacks",
        "amenities": "Heated seats",
        "rating": "4.7",
        "fuelType": "Hybrid (HEV)",
        "location": "Great Wall",
        "image": "car-2.png",
        "name": "Ford Mustang GT Premium"
    },
    {
        "id": 3,
        "price": 300,
        "duration": "10",
        "carType": "Convertibles",
        "amenities": "Sunroof/Moonroof",
        "rating": "4.9",
        "fuelType": "Electric Vehicle (EV)",
        "location": "Eiffel Tower",
        "image": "car-3.png",
        "name": "Mazda MX-5 Miata Club"
    },
    {
        "id": 4,
        "price": 400,
        "duration": "7",
        "carType": "Sedans",
        "amenities": "Leather upholstery",
        "rating": "4.6",
        "fuelType": "Diesel",
        "location": "Statue of Liberty",
        "image": "car-4.png",
        "name": "Subaru Impreza WRX STI"
    },
    {
        "id": 5,
        "price": 500,
        "duration": "5",
        "carType": "Sedans",
        "amenities": "Heads-up display",
        "rating": "4.8",
        "fuelType": "Gasoline/Petrol",
        "location": "Taj Mahal",
        "image": "car-5.png",
        "name": "Porsche 911 Carrera S"
    },
    {
        "id": 6,
        "price": 100,
        "duration": "4",
        "carType": "SUVs",
        "amenities": "Leather upholstery",
        "rating": "4.4",
        "fuelType": "Hydrogen",
        "location": "Great Wall",
        "image": "car-6.png",
        "name": "Toyota Camry LE Hybrid"
    },
    {
        "id": 7,
        "price": 200,
        "duration": "7",
        "carType": "SUVs",
        "amenities": "Adaptive cruise control",
        "rating": "4.7",
        "fuelType": "Plug-in Hybrid (PHEV)",
        "location": "Eiffel Tower",
        "image": "car-7.png",
        "name": "Hyundai Sonata SEL Plus"
    },
    {
        "id": 8,
        "price": 300,
        "duration": "7",
        "carType": "SUVs",
        "amenities": "Heated seats",
        "rating": "4.6",
        "fuelType": "Hybrid (HEV)",
        "location": "Statue of Liberty",
        "image": "car-8.png",
        "name": "Buick Enclave Avenir"
    },
    {
        "id": 9,
        "price": 400,
        "duration": "5",
        "carType": "Coupes",
        "amenities": "Sunroof/Moonroof",
        "rating": "4.5",
        "fuelType": "Electric Vehicle (EV)",
        "location": "Machu Picchu",
        "image": "car-9.png",
        "name": "Chevrolet Silverado"
    },
    {
        "id": 10,
        "price": 500,
        "duration": "7",
        "carType": "Coupes",
        "amenities": "Heated seats",
        "rating": "4.5",
        "fuelType": "Diesel",
        "location": "Taj Mahal",
        "image": "car-10.png",
        "name": "Subaru Outback Limited XT"
    },
    {
        "id": 11,
        "price": 450,
        "duration": "5",
        "carType": "Compacts",
        "amenities": "Sunroof/Moonroof",
        "rating": "4.8",
        "fuelType": "Electric Vehicle (EV)",
        "location": "Colosseum",
        "image": "car-11.png",
        "name": "Jeep Wrangler Rubicon Unlimited"
    },
    {
        "id": 12,
        "price": 370,
        "duration": "7",
        "carType": "SUVs",
        "amenities": "Heated seats",
        "rating": "4.7",
        "fuelType": "Plug-in Hybrid (PHEV)",
        "location": "Pyramids of Giza",
        "image": "car-12.png",
        "name": "Kia Telluride SX"
    },
    {
        "id": 13,
        "price": 420,
        "duration": "6",
        "carType": "Coupes",
        "amenities": "Sunroof/Moonroof",
        "rating": "4.6",
        "fuelType": "Hybrid (HEV)",
        "location": "Pompeii",
        "image": "car-13.png",
        "name": "Mini Cooper S Hardtop 2 Door"
    },
    {
        "id": 14,
        "price": 330,
        "duration": "7",
        "carType": "Compacts",
        "amenities": "Heated seats",
        "rating": "4.5",
        "fuelType": "Diesel",
        "location": "Buckingham Palace",
        "image": "car-14.png",
        "name": "Subaru Impreza WRX STI"
    },
    {
        "id": 15,
        "price": 410,
        "duration": "5",
        "carType": "SUVs",
        "amenities": "Sunroof/Moonroof",
        "rating": "4.5",
        "fuelType": "Plug-in Hybrid (PHEV)",
        "location": "Eiffel Tower",
        "image": "car-15.png",
        "name": "Audi Q5 2.0T Premium Plus"
    },
    {
        "id": 16,
        "price": 340,
        "duration": "6",
        "carType": "Coupes",
        "amenities": "Heated seats",
        "rating": "4.4",
        "fuelType": "Hybrid (HEV)",
        "location": "Statue of Liberty",
        "image": "car-16.png",
        "name": "Cadillac XT6 Premium Luxury"
    },
    {
        "id": 17,
        "price": 470,
        "duration": "7",
        "carType": "Compacts",
        "amenities": "Sunroof/Moonroof",
        "rating": "4.3",
        "fuelType": "Electric Vehicle (EV)",
        "location": "Machu Picchu",
        "image": "car-17.png",
        "name": "Chevrolet Bolt EV Premier"
    },
    {
        "id": 18,
        "price": 530,
        "duration": "5",
        "carType": "SUVs",
        "amenities": "Heated seats",
        "rating": "4.2",
        "fuelType": "Diesel",
        "location": "Taj Mahal",
        "image": "car-18.png",
        "name": "Ford Explorer Limited"
    },
    {
        "id": 19,
        "price": 490,
        "duration": "7",
        "carType": "Coupes",
        "amenities": "Sunroof/Moonroof",
        "rating": "4.1",
        "fuelType": "Plug-in Hybrid (PHEV)",
        "location": "Colosseum",
        "image": "car-19.png",
        "name": "Lexus RC 300 F Sport"
    },
    {
        "id": 20,
        "price": 380,
        "duration": "5",
        "carType": "Compacts",
        "amenities": "Heated seats",
        "rating": "4.0",
        "fuelType": "Hybrid (HEV)",
        "location": "Pyramids of Giza",
        "image": "car-20.png",
        "name": "Nissan Rogue SV AWD"
    }
]
